HH_DROME,SMO_DROME,CI_DROME,PTT_DROME,EN_DROME
1.000000000000000000e+00,9.744446873664855957e-01,9.356595277786254883e-01,9.807968139648437500e-01,9.451813697814941406e-01
9.744446873664855957e-01,1.000000000000000000e+00,9.381384849548339844e-01,9.777505397796630859e-01,9.433097243309020996e-01
9.356595277786254883e-01,9.381384849548339844e-01,1.000000000000000000e+00,9.625017046928405762e-01,9.698601365089416504e-01
9.807968139648437500e-01,9.777505397796630859e-01,9.625017046928405762e-01,1.000000000000000000e+00,9.678773283958435059e-01
9.451813697814941406e-01,9.433097243309020996e-01,9.698601365089416504e-01,9.678773283958435059e-01,1.000000000000000000e+00
