{
    "confidence_score": 0.9491774439811707,
    "ptm": 0.9300869107246399,
    "iptm": 0.0,
    "ligand_iptm": 0.0,
    "protein_iptm": 0.0,
    "complex_plddt": 0.953950047492981,
    "complex_iplddt": 0.953950047492981,
    "complex_pde": 0.36765772104263306,
    "complex_ipde": 0.0,
    "chains_ptm": {
        "0": 0.9300869107246399
    },
    "pair_chains_iptm": {
        "0": {
            "0": 0.9300869107246399
        }
    }
}