{
    "confidence_score": 0.9734674692153931,
    "ptm": 0.9637531638145447,
    "iptm": 0.0,
    "ligand_iptm": 0.0,
    "protein_iptm": 0.0,
    "complex_plddt": 0.9758960604667664,
    "complex_iplddt": 0.9758960604667664,
    "complex_pde": 0.30321720242500305,
    "complex_ipde": 0.0,
    "chains_ptm": {
        "0": 0.9637531638145447
    },
    "pair_chains_iptm": {
        "0": {
            "0": 0.9637531638145447
        }
    }
}