{
    "confidence_score": 0.9178096652030945,
    "ptm": 0.8782180547714233,
    "iptm": 0.0,
    "ligand_iptm": 0.0,
    "protein_iptm": 0.0,
    "complex_plddt": 0.9277076125144958,
    "complex_iplddt": 0.9277076125144958,
    "complex_pde": 0.39785486459732056,
    "complex_ipde": 0.0,
    "chains_ptm": {
        "0": 0.8782180547714233
    },
    "pair_chains_iptm": {
        "0": {
            "0": 0.8782180547714233
        }
    }
}